-- phpMyAdmin SQL Dump
-- version 5.2.1
-- https://www.phpmyadmin.net/
--
-- Host: 127.0.0.1
-- Generation Time: Aug 23, 2024 at 10:25 AM
-- Server version: 10.4.28-MariaDB
-- PHP Version: 8.2.4

SET SQL_MODE = "NO_AUTO_VALUE_ON_ZERO";
START TRANSACTION;
SET time_zone = "+00:00";


/*!40101 SET @OLD_CHARACTER_SET_CLIENT=@@CHARACTER_SET_CLIENT */;
/*!40101 SET @OLD_CHARACTER_SET_RESULTS=@@CHARACTER_SET_RESULTS */;
/*!40101 SET @OLD_COLLATION_CONNECTION=@@COLLATION_CONNECTION */;
/*!40101 SET NAMES utf8mb4 */;

--
-- Database: `mahasiswabaru`
--

-- --------------------------------------------------------

--
-- Table structure for table `admin_account`
--

CREATE TABLE `admin_account` (
  `id` bigint(20) UNSIGNED NOT NULL,
  `email` varchar(255) NOT NULL,
  `password` varchar(255) NOT NULL,
  `created_at` timestamp NULL DEFAULT NULL,
  `updated_at` timestamp NULL DEFAULT NULL
) ENGINE=InnoDB DEFAULT CHARSET=utf8mb4 COLLATE=utf8mb4_unicode_ci;

-- --------------------------------------------------------

--
-- Table structure for table `agama`
--

CREATE TABLE `agama` (
  `id` bigint(20) UNSIGNED NOT NULL,
  `nama` varchar(255) NOT NULL,
  `created_at` timestamp NULL DEFAULT NULL,
  `updated_at` timestamp NULL DEFAULT NULL
) ENGINE=InnoDB DEFAULT CHARSET=utf8mb4 COLLATE=utf8mb4_unicode_ci;

--
-- Dumping data for table `agama`
--

INSERT INTO `agama` (`id`, `nama`, `created_at`, `updated_at`) VALUES
(1, 'Islam', '2024-08-23 01:24:46', '2024-08-23 01:24:46'),
(2, 'Katolik', '2024-08-23 01:24:46', '2024-08-23 01:24:46'),
(3, 'Kristen', '2024-08-23 01:24:46', '2024-08-23 01:24:46'),
(4, 'Hindu', '2024-08-23 01:24:46', '2024-08-23 01:24:46'),
(5, 'Budha', '2024-08-23 01:24:46', '2024-08-23 01:24:46'),
(6, 'Konghucu', '2024-08-23 01:24:46', '2024-08-23 01:24:46');

-- --------------------------------------------------------

--
-- Table structure for table `formulir`
--

CREATE TABLE `formulir` (
  `id` bigint(20) UNSIGNED NOT NULL,
  `id_users` bigint(20) UNSIGNED NOT NULL,
  `nama` varchar(255) NOT NULL,
  `alamat_ktp` varchar(255) NOT NULL,
  `alamat_sekarang` varchar(255) NOT NULL,
  `provinsi` varchar(255) NOT NULL,
  `kabupaten` varchar(255) NOT NULL,
  `kecamatan` varchar(255) NOT NULL,
  `no_hp` bigint(20) NOT NULL,
  `email` varchar(255) NOT NULL,
  `kewarganegaraan` varchar(255) NOT NULL,
  `negara_wna` varchar(255) DEFAULT NULL,
  `tempat_lahir` varchar(255) NOT NULL,
  `tempat_lahir_wna` varchar(255) DEFAULT NULL,
  `tanggal_lahir` date NOT NULL,
  `provinsi_lahir` varchar(255) NOT NULL,
  `kabupaten_lahir` varchar(255) NOT NULL,
  `jenis_kelamin` varchar(255) NOT NULL,
  `status_menikah` varchar(255) NOT NULL,
  `agama` varchar(255) NOT NULL,
  `foto` varchar(255) NOT NULL,
  `created_at` timestamp NULL DEFAULT NULL,
  `updated_at` timestamp NULL DEFAULT NULL
) ENGINE=InnoDB DEFAULT CHARSET=utf8mb4 COLLATE=utf8mb4_unicode_ci;

-- --------------------------------------------------------

--
-- Table structure for table `kabupaten`
--

CREATE TABLE `kabupaten` (
  `id` bigint(20) UNSIGNED NOT NULL,
  `id_provinsi` bigint(20) UNSIGNED NOT NULL,
  `nama` varchar(255) NOT NULL,
  `created_at` timestamp NULL DEFAULT NULL,
  `updated_at` timestamp NULL DEFAULT NULL
) ENGINE=InnoDB DEFAULT CHARSET=utf8mb4 COLLATE=utf8mb4_unicode_ci;

--
-- Dumping data for table `kabupaten`
--

INSERT INTO `kabupaten` (`id`, `id_provinsi`, `nama`, `created_at`, `updated_at`) VALUES
(1, 1, 'Kabupaten Aceh Barat', '2024-08-23 01:24:45', '2024-08-23 01:24:45'),
(2, 1, 'Kabupaten Aceh Barat Daya', '2024-08-23 01:24:45', '2024-08-23 01:24:45'),
(3, 1, 'Kabupaten Aceh Besar', '2024-08-23 01:24:45', '2024-08-23 01:24:45'),
(4, 1, 'Kabupaten Aceh Jaya', '2024-08-23 01:24:45', '2024-08-23 01:24:45'),
(5, 1, 'Kabupaten Aceh Selatan', '2024-08-23 01:24:45', '2024-08-23 01:24:45'),
(6, 1, 'Kabupaten Aceh Singkil', '2024-08-23 01:24:45', '2024-08-23 01:24:45'),
(7, 1, 'Kabupaten Aceh Tamiang', '2024-08-23 01:24:45', '2024-08-23 01:24:45'),
(8, 1, 'Kabupaten Aceh Tengah', '2024-08-23 01:24:45', '2024-08-23 01:24:45'),
(9, 1, 'Kabupaten Aceh Tenggara', '2024-08-23 01:24:45', '2024-08-23 01:24:45'),
(10, 1, 'Kabupaten Aceh Timur', '2024-08-23 01:24:45', '2024-08-23 01:24:45'),
(11, 1, 'Kabupaten Aceh Utara', '2024-08-23 01:24:45', '2024-08-23 01:24:45'),
(12, 1, 'Kabupaten Bener Meriah', '2024-08-23 01:24:45', '2024-08-23 01:24:45'),
(13, 1, 'Kabupaten Bireuen', '2024-08-23 01:24:45', '2024-08-23 01:24:45'),
(14, 1, 'Kabupaten Gayo Lues', '2024-08-23 01:24:45', '2024-08-23 01:24:45'),
(15, 1, 'Kabupaten Nagan Raya', '2024-08-23 01:24:45', '2024-08-23 01:24:45'),
(16, 1, 'Kabupaten Pidie', '2024-08-23 01:24:45', '2024-08-23 01:24:45'),
(17, 1, 'Kabupaten Pidie Jaya', '2024-08-23 01:24:45', '2024-08-23 01:24:45'),
(18, 1, 'Kabupaten Simeulue', '2024-08-23 01:24:45', '2024-08-23 01:24:45'),
(19, 1, 'Kota Banda Aceh', '2024-08-23 01:24:45', '2024-08-23 01:24:45'),
(20, 1, 'Kota Langsa', '2024-08-23 01:24:45', '2024-08-23 01:24:45'),
(21, 1, 'Kota Lhokseumawe', '2024-08-23 01:24:45', '2024-08-23 01:24:45'),
(22, 1, 'Kota Sabang', '2024-08-23 01:24:45', '2024-08-23 01:24:45'),
(23, 1, 'Kota Subulussalam', '2024-08-23 01:24:45', '2024-08-23 01:24:45'),
(24, 2, 'Kabupaten Asahan', '2024-08-23 01:24:45', '2024-08-23 01:24:45'),
(25, 2, 'Kabupaten Batubara', '2024-08-23 01:24:45', '2024-08-23 01:24:45'),
(26, 2, 'Kabupaten Dairi', '2024-08-23 01:24:45', '2024-08-23 01:24:45'),
(27, 2, 'Kabupaten Deli Serdang', '2024-08-23 01:24:45', '2024-08-23 01:24:45'),
(28, 2, 'Kabupaten Humbang Hasundutan', '2024-08-23 01:24:45', '2024-08-23 01:24:45'),
(29, 2, 'Kabupaten Karo', '2024-08-23 01:24:45', '2024-08-23 01:24:45'),
(30, 2, 'Kabupaten Labuhanbatu', '2024-08-23 01:24:45', '2024-08-23 01:24:45'),
(31, 2, 'Kabupaten Labuhanbatu Selatan', '2024-08-23 01:24:45', '2024-08-23 01:24:45'),
(32, 2, 'Kabupaten Labuhanbatu Utara', '2024-08-23 01:24:45', '2024-08-23 01:24:45'),
(33, 2, 'Kabupaten Langkat', '2024-08-23 01:24:45', '2024-08-23 01:24:45'),
(34, 2, 'Kabupaten Mandailing Natal', '2024-08-23 01:24:45', '2024-08-23 01:24:45'),
(35, 2, 'Kabupaten Nias', '2024-08-23 01:24:45', '2024-08-23 01:24:45'),
(36, 2, 'Kabupaten Nias Barat', '2024-08-23 01:24:45', '2024-08-23 01:24:45'),
(37, 2, 'Kabupaten Nias Selatan', '2024-08-23 01:24:45', '2024-08-23 01:24:45'),
(38, 2, 'Kabupaten Nias Utara', '2024-08-23 01:24:45', '2024-08-23 01:24:45'),
(39, 2, 'Kabupaten Padang Lawas', '2024-08-23 01:24:45', '2024-08-23 01:24:45'),
(40, 2, 'Kabupaten Padang Lawas Utara', '2024-08-23 01:24:45', '2024-08-23 01:24:45'),
(41, 2, 'Kabupaten Pakpak Bharat', '2024-08-23 01:24:45', '2024-08-23 01:24:45'),
(42, 2, 'Kabupaten Samosir', '2024-08-23 01:24:45', '2024-08-23 01:24:45'),
(43, 2, 'Kabupaten Serdang Bedagai', '2024-08-23 01:24:45', '2024-08-23 01:24:45'),
(44, 2, 'Kabupaten Simalungun', '2024-08-23 01:24:45', '2024-08-23 01:24:45'),
(45, 2, 'Kabupaten Tapanuli Selatan', '2024-08-23 01:24:45', '2024-08-23 01:24:45'),
(46, 2, 'Kabupaten Tapanuli Tengah', '2024-08-23 01:24:45', '2024-08-23 01:24:45'),
(47, 2, 'Kabupaten Tapanuli Utara', '2024-08-23 01:24:45', '2024-08-23 01:24:45'),
(48, 2, 'Kabupaten Toba Samosir', '2024-08-23 01:24:45', '2024-08-23 01:24:45'),
(49, 2, 'Kota Binjai', '2024-08-23 01:24:45', '2024-08-23 01:24:45'),
(50, 2, 'Kota Gunungsitoli', '2024-08-23 01:24:45', '2024-08-23 01:24:45'),
(51, 2, 'Kota Medan', '2024-08-23 01:24:45', '2024-08-23 01:24:45'),
(52, 2, 'Kota Padangsidempuan', '2024-08-23 01:24:45', '2024-08-23 01:24:45'),
(53, 2, 'Kota Pematangsiantar', '2024-08-23 01:24:45', '2024-08-23 01:24:45'),
(54, 2, 'Kota Sibolga', '2024-08-23 01:24:45', '2024-08-23 01:24:45'),
(55, 2, 'Kota Tanjungbalai', '2024-08-23 01:24:45', '2024-08-23 01:24:45'),
(56, 2, 'Kota Tebing Tinggi', '2024-08-23 01:24:45', '2024-08-23 01:24:45'),
(57, 3, 'Kabupaten Agam', '2024-08-23 01:24:45', '2024-08-23 01:24:45'),
(58, 3, 'Kabupaten Dharmasraya', '2024-08-23 01:24:45', '2024-08-23 01:24:45'),
(59, 3, 'Kabupaten Kepulauan Mentawai', '2024-08-23 01:24:45', '2024-08-23 01:24:45'),
(60, 3, 'Kabupaten Lima Puluh Kota', '2024-08-23 01:24:45', '2024-08-23 01:24:45'),
(61, 3, 'Kabupaten Padang Pariaman', '2024-08-23 01:24:45', '2024-08-23 01:24:45'),
(62, 3, 'Kabupaten Pasaman', '2024-08-23 01:24:45', '2024-08-23 01:24:45'),
(63, 3, 'Kabupaten Pasaman Barat', '2024-08-23 01:24:45', '2024-08-23 01:24:45'),
(64, 3, 'Kabupaten Pesisir Selatan', '2024-08-23 01:24:45', '2024-08-23 01:24:45'),
(65, 3, 'Kabupaten Sijunjung', '2024-08-23 01:24:45', '2024-08-23 01:24:45'),
(66, 3, 'Kabupaten Solok', '2024-08-23 01:24:45', '2024-08-23 01:24:45'),
(67, 3, 'Kabupaten Solok Selatan', '2024-08-23 01:24:45', '2024-08-23 01:24:45'),
(68, 3, 'Kabupaten Tanah Datar', '2024-08-23 01:24:45', '2024-08-23 01:24:45'),
(69, 3, 'Kota Bukittinggi', '2024-08-23 01:24:45', '2024-08-23 01:24:45'),
(70, 3, 'Kota Padang', '2024-08-23 01:24:45', '2024-08-23 01:24:45'),
(71, 3, 'Kota Padangpanjang', '2024-08-23 01:24:45', '2024-08-23 01:24:45'),
(72, 3, 'Kota Pariaman', '2024-08-23 01:24:45', '2024-08-23 01:24:45'),
(73, 3, 'Kota Payakumbuh', '2024-08-23 01:24:45', '2024-08-23 01:24:45'),
(74, 3, 'Kota Sawahlunto', '2024-08-23 01:24:45', '2024-08-23 01:24:45'),
(75, 3, 'Kota Solok', '2024-08-23 01:24:45', '2024-08-23 01:24:45'),
(76, 4, 'Kabupaten Banyuasin', '2024-08-23 01:24:45', '2024-08-23 01:24:45'),
(77, 4, 'Kabupaten Empat Lawang', '2024-08-23 01:24:45', '2024-08-23 01:24:45'),
(78, 4, 'Kabupaten Lahat', '2024-08-23 01:24:45', '2024-08-23 01:24:45'),
(79, 4, 'Kabupaten Muara Enim', '2024-08-23 01:24:45', '2024-08-23 01:24:45'),
(80, 4, 'Kabupaten Musi Banyuasin', '2024-08-23 01:24:45', '2024-08-23 01:24:45'),
(81, 4, 'Kabupaten Musi Rawas', '2024-08-23 01:24:45', '2024-08-23 01:24:45'),
(82, 4, 'Kabupaten Musi Rawas Utara', '2024-08-23 01:24:45', '2024-08-23 01:24:45'),
(83, 4, 'Kabupaten Ogan Ilir', '2024-08-23 01:24:45', '2024-08-23 01:24:45'),
(84, 4, 'Kabupaten Ogan Komering Ilir', '2024-08-23 01:24:45', '2024-08-23 01:24:45'),
(85, 4, 'Kabupaten Ogan Komering Ulu', '2024-08-23 01:24:45', '2024-08-23 01:24:45'),
(86, 4, 'Kabupaten Ogan Komering Ulu Selatan', '2024-08-23 01:24:45', '2024-08-23 01:24:45'),
(87, 4, 'Kabupaten Ogan Komering Ulu Timur', '2024-08-23 01:24:45', '2024-08-23 01:24:45'),
(88, 4, 'Kabupaten Penukal Abab Lematang Ilir', '2024-08-23 01:24:45', '2024-08-23 01:24:45'),
(89, 4, 'Kota Lubuklinggau', '2024-08-23 01:24:45', '2024-08-23 01:24:45'),
(90, 4, 'Kota Pagar Alam', '2024-08-23 01:24:45', '2024-08-23 01:24:45'),
(91, 4, 'Kota Palembang', '2024-08-23 01:24:45', '2024-08-23 01:24:45'),
(92, 4, 'Kota Prabumulih', '2024-08-23 01:24:45', '2024-08-23 01:24:45'),
(93, 5, 'Kabupaten Bengkalis', '2024-08-23 01:24:45', '2024-08-23 01:24:45'),
(94, 5, 'Kabupaten Indragiri Hilir', '2024-08-23 01:24:45', '2024-08-23 01:24:45'),
(95, 5, 'Kabupaten Indragiri Hulu', '2024-08-23 01:24:45', '2024-08-23 01:24:45'),
(96, 5, 'Kabupaten Kampar', '2024-08-23 01:24:45', '2024-08-23 01:24:45'),
(97, 5, 'Kabupaten Kepulauan Meranti', '2024-08-23 01:24:45', '2024-08-23 01:24:45'),
(98, 5, 'Kabupaten Kuantan Singingi', '2024-08-23 01:24:45', '2024-08-23 01:24:45'),
(99, 5, 'Kabupaten Pelalawan', '2024-08-23 01:24:45', '2024-08-23 01:24:45'),
(100, 5, 'Kabupaten Rokan Hilir', '2024-08-23 01:24:45', '2024-08-23 01:24:45'),
(101, 5, 'Kabupaten Rokan Hulu', '2024-08-23 01:24:45', '2024-08-23 01:24:45'),
(102, 5, 'Kabupaten Siak', '2024-08-23 01:24:45', '2024-08-23 01:24:45'),
(103, 5, 'Kota Dumai', '2024-08-23 01:24:45', '2024-08-23 01:24:45'),
(104, 5, 'Kota Pekanbaru', '2024-08-23 01:24:45', '2024-08-23 01:24:45'),
(105, 6, 'Kabupaten Bintan', '2024-08-23 01:24:45', '2024-08-23 01:24:45'),
(106, 6, 'Kabupaten Karimun', '2024-08-23 01:24:45', '2024-08-23 01:24:45'),
(107, 6, 'Kabupaten Kepulauan Anambas', '2024-08-23 01:24:45', '2024-08-23 01:24:45'),
(108, 6, 'Kabupaten Lingga', '2024-08-23 01:24:45', '2024-08-23 01:24:45'),
(109, 6, 'Kabupaten Natuna', '2024-08-23 01:24:45', '2024-08-23 01:24:45'),
(110, 6, 'Kota Batam', '2024-08-23 01:24:45', '2024-08-23 01:24:45'),
(111, 6, 'Kota Tanjung Pinang', '2024-08-23 01:24:45', '2024-08-23 01:24:45'),
(112, 7, 'Kabupaten Batanghari', '2024-08-23 01:24:45', '2024-08-23 01:24:45'),
(113, 7, 'Kabupaten Bungo', '2024-08-23 01:24:45', '2024-08-23 01:24:45'),
(114, 7, 'Kabupaten Kerinci', '2024-08-23 01:24:45', '2024-08-23 01:24:45'),
(115, 7, 'Kabupaten Merangin', '2024-08-23 01:24:45', '2024-08-23 01:24:45'),
(116, 7, 'Kabupaten Muaro Jambi', '2024-08-23 01:24:45', '2024-08-23 01:24:45'),
(117, 7, 'Kabupaten Sarolangun', '2024-08-23 01:24:45', '2024-08-23 01:24:45'),
(118, 7, 'Kabupaten Tanjung Jabung Barat', '2024-08-23 01:24:45', '2024-08-23 01:24:45'),
(119, 7, 'Kabupaten Tanjung Jabung Timur', '2024-08-23 01:24:45', '2024-08-23 01:24:45'),
(120, 7, 'Kabupaten Tebo', '2024-08-23 01:24:45', '2024-08-23 01:24:45'),
(121, 7, 'Kota Jambi', '2024-08-23 01:24:45', '2024-08-23 01:24:45'),
(122, 7, 'Kota Sungai Penuh', '2024-08-23 01:24:45', '2024-08-23 01:24:45'),
(123, 8, 'Kabupaten Bengkulu Selatan', '2024-08-23 01:24:45', '2024-08-23 01:24:45'),
(124, 8, 'Kabupaten Bengkulu Tengah', '2024-08-23 01:24:45', '2024-08-23 01:24:45'),
(125, 8, 'Kabupaten Bengkulu Utara', '2024-08-23 01:24:45', '2024-08-23 01:24:45'),
(126, 8, 'Kabupaten Kaur', '2024-08-23 01:24:45', '2024-08-23 01:24:45'),
(127, 8, 'Kabupaten Kepahiang', '2024-08-23 01:24:45', '2024-08-23 01:24:45'),
(128, 8, 'Kabupaten Lebong', '2024-08-23 01:24:45', '2024-08-23 01:24:45'),
(129, 8, 'Kabupaten Mukomuko', '2024-08-23 01:24:45', '2024-08-23 01:24:45'),
(130, 8, 'Kabupaten Rejang Lebong', '2024-08-23 01:24:45', '2024-08-23 01:24:45'),
(131, 8, 'Kabupaten Seluma', '2024-08-23 01:24:45', '2024-08-23 01:24:45'),
(132, 8, 'Kota Bengkulu', '2024-08-23 01:24:45', '2024-08-23 01:24:45'),
(133, 9, 'Kabupaten Bangka', '2024-08-23 01:24:45', '2024-08-23 01:24:45'),
(134, 9, 'Kabupaten Bangka Barat', '2024-08-23 01:24:45', '2024-08-23 01:24:45'),
(135, 9, 'Kabupaten Bangka Selatan', '2024-08-23 01:24:45', '2024-08-23 01:24:45'),
(136, 9, 'Kabupaten Bangka Tengah', '2024-08-23 01:24:45', '2024-08-23 01:24:45'),
(137, 9, 'Kabupaten Belitung', '2024-08-23 01:24:45', '2024-08-23 01:24:45'),
(138, 9, 'Kabupaten Belitung Timur', '2024-08-23 01:24:45', '2024-08-23 01:24:45'),
(139, 9, 'Kota Pangkal Pinang', '2024-08-23 01:24:45', '2024-08-23 01:24:45'),
(140, 10, 'Kabupaten Lampung Tengah', '2024-08-23 01:24:45', '2024-08-23 01:24:45'),
(141, 10, 'Kabupaten Lampung Utara', '2024-08-23 01:24:45', '2024-08-23 01:24:45'),
(142, 10, 'Kabupaten Lampung Selatan', '2024-08-23 01:24:45', '2024-08-23 01:24:45'),
(143, 10, 'Kabupaten Lampung Barat', '2024-08-23 01:24:45', '2024-08-23 01:24:45'),
(144, 10, 'Kabupaten Lampung Timur', '2024-08-23 01:24:45', '2024-08-23 01:24:45'),
(145, 10, 'Kabupaten Mesuji', '2024-08-23 01:24:45', '2024-08-23 01:24:45'),
(146, 10, 'Kabupaten Pesawaran', '2024-08-23 01:24:45', '2024-08-23 01:24:45'),
(147, 10, 'Kabupaten Pesisir Barat', '2024-08-23 01:24:45', '2024-08-23 01:24:45'),
(148, 10, 'Kabupaten Pringsewu', '2024-08-23 01:24:45', '2024-08-23 01:24:45'),
(149, 10, 'Kabupaten Tulang Bawang', '2024-08-23 01:24:45', '2024-08-23 01:24:45'),
(150, 10, 'Kabupaten Tulang Bawang Barat', '2024-08-23 01:24:45', '2024-08-23 01:24:45'),
(151, 10, 'Kabupaten Tanggamus', '2024-08-23 01:24:45', '2024-08-23 01:24:45'),
(152, 10, 'Kabupaten Way Kanan', '2024-08-23 01:24:45', '2024-08-23 01:24:45'),
(153, 10, 'Kota Bandar Lampung', '2024-08-23 01:24:45', '2024-08-23 01:24:45'),
(154, 10, 'Kota Metro', '2024-08-23 01:24:45', '2024-08-23 01:24:45'),
(155, 11, 'Kabupaten Lebak', '2024-08-23 01:24:45', '2024-08-23 01:24:45'),
(156, 11, 'Kabupaten Pandeglang', '2024-08-23 01:24:45', '2024-08-23 01:24:45'),
(157, 11, 'Kabupaten Serang', '2024-08-23 01:24:45', '2024-08-23 01:24:45'),
(158, 11, 'Kabupaten Tangerang', '2024-08-23 01:24:45', '2024-08-23 01:24:45'),
(159, 11, 'Kota Cilegon', '2024-08-23 01:24:45', '2024-08-23 01:24:45'),
(160, 11, 'Kota Serang', '2024-08-23 01:24:45', '2024-08-23 01:24:45'),
(161, 11, 'Kota Tangerang', '2024-08-23 01:24:45', '2024-08-23 01:24:45'),
(162, 11, 'Kota Tangerang Selatan', '2024-08-23 01:24:45', '2024-08-23 01:24:45'),
(163, 12, 'Kabupaten Bandung', '2024-08-23 01:24:45', '2024-08-23 01:24:45'),
(164, 12, 'Kabupaten Bandung Barat', '2024-08-23 01:24:45', '2024-08-23 01:24:45'),
(165, 12, 'Kabupaten Bekasi', '2024-08-23 01:24:45', '2024-08-23 01:24:45'),
(166, 12, 'Kabupaten Bogor', '2024-08-23 01:24:45', '2024-08-23 01:24:45'),
(167, 12, 'Kabupaten Ciamis', '2024-08-23 01:24:45', '2024-08-23 01:24:45'),
(168, 12, 'Kabupaten Cianjur', '2024-08-23 01:24:45', '2024-08-23 01:24:45'),
(169, 12, 'Kabupaten Cirebon', '2024-08-23 01:24:45', '2024-08-23 01:24:45'),
(170, 12, 'Kabupaten Garut', '2024-08-23 01:24:45', '2024-08-23 01:24:45'),
(171, 12, 'Kabupaten Indramayu', '2024-08-23 01:24:45', '2024-08-23 01:24:45'),
(172, 12, 'Kabupaten Karawang', '2024-08-23 01:24:45', '2024-08-23 01:24:45'),
(173, 12, 'Kabupaten Kuningan', '2024-08-23 01:24:45', '2024-08-23 01:24:45'),
(174, 12, 'Kabupaten Majalengka', '2024-08-23 01:24:45', '2024-08-23 01:24:45'),
(175, 12, 'Kabupaten Pangandaran', '2024-08-23 01:24:45', '2024-08-23 01:24:45'),
(176, 12, 'Kabupaten Purwakarta', '2024-08-23 01:24:45', '2024-08-23 01:24:45'),
(177, 12, 'Kabupaten Subang', '2024-08-23 01:24:45', '2024-08-23 01:24:45'),
(178, 12, 'Kabupaten Sukabumi', '2024-08-23 01:24:45', '2024-08-23 01:24:45'),
(179, 12, 'Kabupaten Sumedang', '2024-08-23 01:24:45', '2024-08-23 01:24:45'),
(180, 12, 'Kabupaten Tasikmalaya', '2024-08-23 01:24:45', '2024-08-23 01:24:45'),
(181, 12, 'Kota Bandung', '2024-08-23 01:24:45', '2024-08-23 01:24:45'),
(182, 12, 'Kota Banjar', '2024-08-23 01:24:45', '2024-08-23 01:24:45'),
(183, 12, 'Kota Bekasi', '2024-08-23 01:24:45', '2024-08-23 01:24:45'),
(184, 12, 'Kota Bogor', '2024-08-23 01:24:45', '2024-08-23 01:24:45'),
(185, 12, 'Kota Cimahi', '2024-08-23 01:24:45', '2024-08-23 01:24:45'),
(186, 12, 'Kota Cirebon', '2024-08-23 01:24:45', '2024-08-23 01:24:45'),
(187, 12, 'Kota Depok', '2024-08-23 01:24:45', '2024-08-23 01:24:45'),
(188, 12, 'Kota Sukabumi', '2024-08-23 01:24:45', '2024-08-23 01:24:45'),
(189, 12, 'Kota Tasikmalaya', '2024-08-23 01:24:45', '2024-08-23 01:24:45'),
(190, 13, 'Kabupaten Banjarnegara', '2024-08-23 01:24:45', '2024-08-23 01:24:45'),
(191, 13, 'Kabupaten Banyumas', '2024-08-23 01:24:45', '2024-08-23 01:24:45'),
(192, 13, 'Kabupaten Batang', '2024-08-23 01:24:45', '2024-08-23 01:24:45'),
(193, 13, 'Kabupaten Blora', '2024-08-23 01:24:45', '2024-08-23 01:24:45'),
(194, 13, 'Kabupaten Boyolali', '2024-08-23 01:24:45', '2024-08-23 01:24:45'),
(195, 13, 'Kabupaten Brebes', '2024-08-23 01:24:45', '2024-08-23 01:24:45'),
(196, 13, 'Kabupaten Cilacap', '2024-08-23 01:24:45', '2024-08-23 01:24:45'),
(197, 13, 'Kabupaten Demak', '2024-08-23 01:24:45', '2024-08-23 01:24:45'),
(198, 13, 'Kabupaten Grobogan', '2024-08-23 01:24:45', '2024-08-23 01:24:45'),
(199, 13, 'Kabupaten Jepara', '2024-08-23 01:24:45', '2024-08-23 01:24:45'),
(200, 13, 'Kabupaten Karanganyar', '2024-08-23 01:24:45', '2024-08-23 01:24:45'),
(201, 13, 'Kabupaten Kebumen', '2024-08-23 01:24:45', '2024-08-23 01:24:45'),
(202, 13, 'Kabupaten Kendal', '2024-08-23 01:24:45', '2024-08-23 01:24:45'),
(203, 13, 'Kabupaten Klaten', '2024-08-23 01:24:45', '2024-08-23 01:24:45'),
(204, 13, 'Kabupaten Kudus', '2024-08-23 01:24:45', '2024-08-23 01:24:45'),
(205, 13, 'Kabupaten Magelang', '2024-08-23 01:24:45', '2024-08-23 01:24:45'),
(206, 13, 'Kabupaten Pati', '2024-08-23 01:24:45', '2024-08-23 01:24:45'),
(207, 13, 'Kabupaten Pekalongan', '2024-08-23 01:24:45', '2024-08-23 01:24:45'),
(208, 13, 'Kabupaten Pemalang', '2024-08-23 01:24:45', '2024-08-23 01:24:45'),
(209, 13, 'Kabupaten Purbalingga', '2024-08-23 01:24:45', '2024-08-23 01:24:45'),
(210, 13, 'Kabupaten Purworejo', '2024-08-23 01:24:45', '2024-08-23 01:24:45'),
(211, 13, 'Kabupaten Rembang', '2024-08-23 01:24:45', '2024-08-23 01:24:45'),
(212, 13, 'Kabupaten Semarang', '2024-08-23 01:24:45', '2024-08-23 01:24:45'),
(213, 13, 'Kabupaten Sragen', '2024-08-23 01:24:45', '2024-08-23 01:24:45'),
(214, 13, 'Kabupaten Sukoharjo', '2024-08-23 01:24:45', '2024-08-23 01:24:45'),
(215, 13, 'Kabupaten Tegal', '2024-08-23 01:24:45', '2024-08-23 01:24:45'),
(216, 13, 'Kabupaten Temanggung', '2024-08-23 01:24:45', '2024-08-23 01:24:45'),
(217, 13, 'Kabupaten Wonogiri', '2024-08-23 01:24:45', '2024-08-23 01:24:45'),
(218, 13, 'Kabupaten Wonosobo', '2024-08-23 01:24:45', '2024-08-23 01:24:45'),
(219, 13, 'Kota Magelang', '2024-08-23 01:24:45', '2024-08-23 01:24:45'),
(220, 13, 'Kota Pekalongan', '2024-08-23 01:24:45', '2024-08-23 01:24:45'),
(221, 13, 'Kota Salatiga', '2024-08-23 01:24:45', '2024-08-23 01:24:45'),
(222, 13, 'Kota Semarang', '2024-08-23 01:24:45', '2024-08-23 01:24:45'),
(223, 13, 'Kota Surakarta', '2024-08-23 01:24:45', '2024-08-23 01:24:45'),
(224, 13, 'Kota Tegal', '2024-08-23 01:24:45', '2024-08-23 01:24:45'),
(225, 14, 'Kabupaten Bangkalan', '2024-08-23 01:24:45', '2024-08-23 01:24:45'),
(226, 14, 'Kabupaten Banyuwangi', '2024-08-23 01:24:45', '2024-08-23 01:24:45'),
(227, 14, 'Kabupaten Blitar', '2024-08-23 01:24:45', '2024-08-23 01:24:45'),
(228, 14, 'Kabupaten Bojonegoro', '2024-08-23 01:24:45', '2024-08-23 01:24:45'),
(229, 14, 'Kabupaten Bondowoso', '2024-08-23 01:24:45', '2024-08-23 01:24:45'),
(230, 14, 'Kabupaten Gresik', '2024-08-23 01:24:45', '2024-08-23 01:24:45'),
(231, 14, 'Kabupaten Jember', '2024-08-23 01:24:45', '2024-08-23 01:24:45'),
(232, 14, 'Kabupaten Jombang', '2024-08-23 01:24:45', '2024-08-23 01:24:45'),
(233, 14, 'Kabupaten Kediri', '2024-08-23 01:24:45', '2024-08-23 01:24:45'),
(234, 14, 'Kabupaten Lamongan', '2024-08-23 01:24:45', '2024-08-23 01:24:45'),
(235, 14, 'Kabupaten Lumajang', '2024-08-23 01:24:45', '2024-08-23 01:24:45'),
(236, 14, 'Kabupaten Madiun', '2024-08-23 01:24:45', '2024-08-23 01:24:45'),
(237, 14, 'Kabupaten Magetan', '2024-08-23 01:24:45', '2024-08-23 01:24:45'),
(238, 14, 'Kabupaten Malang', '2024-08-23 01:24:45', '2024-08-23 01:24:45'),
(239, 14, 'Kabupaten Mojokerto', '2024-08-23 01:24:45', '2024-08-23 01:24:45'),
(240, 14, 'Kabupaten Nganjuk', '2024-08-23 01:24:45', '2024-08-23 01:24:45'),
(241, 14, 'Kabupaten Ngawi', '2024-08-23 01:24:45', '2024-08-23 01:24:45'),
(242, 14, 'Kabupaten Pacitan', '2024-08-23 01:24:45', '2024-08-23 01:24:45'),
(243, 14, 'Kabupaten Pamekasan', '2024-08-23 01:24:45', '2024-08-23 01:24:45'),
(244, 14, 'Kabupaten Pasuruan', '2024-08-23 01:24:45', '2024-08-23 01:24:45'),
(245, 14, 'Kabupaten Ponorogo', '2024-08-23 01:24:45', '2024-08-23 01:24:45'),
(246, 14, 'Kabupaten Probolinggo', '2024-08-23 01:24:45', '2024-08-23 01:24:45'),
(247, 14, 'Kabupaten Sampang', '2024-08-23 01:24:45', '2024-08-23 01:24:45'),
(248, 14, 'Kabupaten Sidoarjo', '2024-08-23 01:24:45', '2024-08-23 01:24:45'),
(249, 14, 'Kabupaten Situbondo', '2024-08-23 01:24:45', '2024-08-23 01:24:45'),
(250, 14, 'Kabupaten Sumenep', '2024-08-23 01:24:45', '2024-08-23 01:24:45'),
(251, 14, 'Kabupaten Trenggalek', '2024-08-23 01:24:45', '2024-08-23 01:24:45'),
(252, 14, 'Kabupaten Tuban', '2024-08-23 01:24:45', '2024-08-23 01:24:45'),
(253, 14, 'Kabupaten Tulungagung', '2024-08-23 01:24:45', '2024-08-23 01:24:45'),
(254, 14, 'Kota Batu', '2024-08-23 01:24:45', '2024-08-23 01:24:45'),
(255, 14, 'Kota Blitar', '2024-08-23 01:24:45', '2024-08-23 01:24:45'),
(256, 14, 'Kota Kediri', '2024-08-23 01:24:45', '2024-08-23 01:24:45'),
(257, 14, 'Kota Madiun', '2024-08-23 01:24:45', '2024-08-23 01:24:45'),
(258, 14, 'Kota Malang', '2024-08-23 01:24:45', '2024-08-23 01:24:45'),
(259, 14, 'Kota Mojokerto', '2024-08-23 01:24:45', '2024-08-23 01:24:45'),
(260, 14, 'Kota Pasuruan', '2024-08-23 01:24:45', '2024-08-23 01:24:45'),
(261, 14, 'Kota Probolinggo', '2024-08-23 01:24:45', '2024-08-23 01:24:45'),
(262, 14, 'Kota Surabaya', '2024-08-23 01:24:45', '2024-08-23 01:24:45'),
(263, 15, 'Kota Administrasi Jakarta Barat', '2024-08-23 01:24:45', '2024-08-23 01:24:45'),
(264, 15, 'Kota Administrasi Jakarta Pusat', '2024-08-23 01:24:45', '2024-08-23 01:24:45'),
(265, 15, 'Kota Administrasi Jakarta Selatan', '2024-08-23 01:24:45', '2024-08-23 01:24:45'),
(266, 15, 'Kota Administrasi Jakarta Timur', '2024-08-23 01:24:45', '2024-08-23 01:24:45'),
(267, 15, 'Kota Administrasi Jakarta Utara', '2024-08-23 01:24:45', '2024-08-23 01:24:45'),
(268, 15, 'Kabupaten Administrasi Kepulauan Seribu', '2024-08-23 01:24:45', '2024-08-23 01:24:45'),
(269, 16, 'Kabupaten Bantul', '2024-08-23 01:24:45', '2024-08-23 01:24:45'),
(270, 16, 'Kabupaten Gunungkidul', '2024-08-23 01:24:45', '2024-08-23 01:24:45'),
(271, 16, 'Kabupaten Kulon Progo', '2024-08-23 01:24:45', '2024-08-23 01:24:45'),
(272, 16, 'Kabupaten Sleman', '2024-08-23 01:24:45', '2024-08-23 01:24:45'),
(273, 16, 'Kota Yogyakarta', '2024-08-23 01:24:45', '2024-08-23 01:24:45'),
(274, 17, 'Kabupaten Badung', '2024-08-23 01:24:45', '2024-08-23 01:24:45'),
(275, 17, 'Kabupaten Bangli', '2024-08-23 01:24:45', '2024-08-23 01:24:45'),
(276, 17, 'Kabupaten Buleleng', '2024-08-23 01:24:45', '2024-08-23 01:24:45'),
(277, 17, 'Kabupaten Gianyar', '2024-08-23 01:24:45', '2024-08-23 01:24:45'),
(278, 17, 'Kabupaten Jembrana', '2024-08-23 01:24:45', '2024-08-23 01:24:45'),
(279, 17, 'Kabupaten Karangasem', '2024-08-23 01:24:45', '2024-08-23 01:24:45'),
(280, 17, 'Kabupaten Klungkung', '2024-08-23 01:24:45', '2024-08-23 01:24:45'),
(281, 17, 'Kabupaten Tabanan', '2024-08-23 01:24:45', '2024-08-23 01:24:45'),
(282, 17, 'Kota Denpasar', '2024-08-23 01:24:45', '2024-08-23 01:24:45'),
(283, 18, 'Kabupaten Bima', '2024-08-23 01:24:45', '2024-08-23 01:24:45'),
(284, 18, 'Kabupaten Dompu', '2024-08-23 01:24:45', '2024-08-23 01:24:45'),
(285, 18, 'Kabupaten Lombok Barat', '2024-08-23 01:24:45', '2024-08-23 01:24:45'),
(286, 18, 'Kabupaten Lombok Tengah', '2024-08-23 01:24:45', '2024-08-23 01:24:45'),
(287, 18, 'Kabupaten Lombok Timur', '2024-08-23 01:24:46', '2024-08-23 01:24:46'),
(288, 18, 'Kabupaten Lombok Utara', '2024-08-23 01:24:46', '2024-08-23 01:24:46'),
(289, 18, 'Kabupaten Sumbawa', '2024-08-23 01:24:46', '2024-08-23 01:24:46'),
(290, 18, 'Kabupaten Sumbawa Barat', '2024-08-23 01:24:46', '2024-08-23 01:24:46'),
(291, 18, 'Kota Bima', '2024-08-23 01:24:46', '2024-08-23 01:24:46'),
(292, 18, 'Kota Mataram', '2024-08-23 01:24:46', '2024-08-23 01:24:46'),
(293, 19, 'Kabupaten Alor', '2024-08-23 01:24:46', '2024-08-23 01:24:46'),
(294, 19, 'Kabupaten Belu', '2024-08-23 01:24:46', '2024-08-23 01:24:46'),
(295, 19, 'Kabupaten Ende', '2024-08-23 01:24:46', '2024-08-23 01:24:46'),
(296, 19, 'Kabupaten Flores Timur', '2024-08-23 01:24:46', '2024-08-23 01:24:46'),
(297, 19, 'Kabupaten Kupang', '2024-08-23 01:24:46', '2024-08-23 01:24:46'),
(298, 19, 'Kabupaten Lembata', '2024-08-23 01:24:46', '2024-08-23 01:24:46'),
(299, 19, 'Kabupaten Malaka', '2024-08-23 01:24:46', '2024-08-23 01:24:46'),
(300, 19, 'Kabupaten Manggarai', '2024-08-23 01:24:46', '2024-08-23 01:24:46'),
(301, 19, 'Kabupaten Manggarai Barat', '2024-08-23 01:24:46', '2024-08-23 01:24:46'),
(302, 19, 'Kabupaten Manggarai Timur', '2024-08-23 01:24:46', '2024-08-23 01:24:46'),
(303, 19, 'Kabupaten Ngada', '2024-08-23 01:24:46', '2024-08-23 01:24:46'),
(304, 19, 'Kabupaten Nagekeo', '2024-08-23 01:24:46', '2024-08-23 01:24:46'),
(305, 19, 'Kabupaten Rote Ndao', '2024-08-23 01:24:46', '2024-08-23 01:24:46'),
(306, 19, 'Kabupaten Sabu Raijua', '2024-08-23 01:24:46', '2024-08-23 01:24:46'),
(307, 19, 'Kabupaten Sikka', '2024-08-23 01:24:46', '2024-08-23 01:24:46'),
(308, 19, 'Kabupaten Sumba Barat', '2024-08-23 01:24:46', '2024-08-23 01:24:46'),
(309, 19, 'Kabupaten Sumba Barat Daya', '2024-08-23 01:24:46', '2024-08-23 01:24:46'),
(310, 19, 'Kabupaten Sumba Tengah', '2024-08-23 01:24:46', '2024-08-23 01:24:46'),
(311, 19, 'Kabupaten Sumba Timur', '2024-08-23 01:24:46', '2024-08-23 01:24:46'),
(312, 19, 'Kabupaten Timor Tengah Selatan', '2024-08-23 01:24:46', '2024-08-23 01:24:46'),
(313, 19, 'Kabupaten Timor Tengah Utara', '2024-08-23 01:24:46', '2024-08-23 01:24:46'),
(314, 19, 'Kota Kupang', '2024-08-23 01:24:46', '2024-08-23 01:24:46'),
(315, 20, 'Kabupaten Bengkayang', '2024-08-23 01:24:46', '2024-08-23 01:24:46'),
(316, 20, 'Kabupaten Kapuas Hulu', '2024-08-23 01:24:46', '2024-08-23 01:24:46'),
(317, 20, 'Kabupaten Kayong Utara', '2024-08-23 01:24:46', '2024-08-23 01:24:46'),
(318, 20, 'Kabupaten Ketapang', '2024-08-23 01:24:46', '2024-08-23 01:24:46'),
(319, 20, 'Kabupaten Kubu Raya', '2024-08-23 01:24:46', '2024-08-23 01:24:46'),
(320, 20, 'Kabupaten Landak', '2024-08-23 01:24:46', '2024-08-23 01:24:46'),
(321, 20, 'Kabupaten Melawi', '2024-08-23 01:24:46', '2024-08-23 01:24:46'),
(322, 20, 'Kabupaten Mempawah', '2024-08-23 01:24:46', '2024-08-23 01:24:46'),
(323, 20, 'Kabupaten Sambas', '2024-08-23 01:24:46', '2024-08-23 01:24:46'),
(324, 20, 'Kabupaten Sanggau', '2024-08-23 01:24:46', '2024-08-23 01:24:46'),
(325, 20, 'Kabupaten Sekadau', '2024-08-23 01:24:46', '2024-08-23 01:24:46'),
(326, 20, 'Kabupaten Sintang', '2024-08-23 01:24:46', '2024-08-23 01:24:46'),
(327, 20, 'Kota Pontianak', '2024-08-23 01:24:46', '2024-08-23 01:24:46'),
(328, 20, 'Kota Singkawang', '2024-08-23 01:24:46', '2024-08-23 01:24:46'),
(329, 21, 'Kabupaten Balangan', '2024-08-23 01:24:46', '2024-08-23 01:24:46'),
(330, 21, 'Kabupaten Banjar', '2024-08-23 01:24:46', '2024-08-23 01:24:46'),
(331, 21, 'Kabupaten Barito Kuala', '2024-08-23 01:24:46', '2024-08-23 01:24:46'),
(332, 21, 'Kabupaten Hulu Sungai Selatan', '2024-08-23 01:24:46', '2024-08-23 01:24:46'),
(333, 21, 'Kabupaten Hulu Sungai Tengah', '2024-08-23 01:24:46', '2024-08-23 01:24:46'),
(334, 21, 'Kabupaten Hulu Sungai Utara', '2024-08-23 01:24:46', '2024-08-23 01:24:46'),
(335, 21, 'Kabupaten Kotabaru', '2024-08-23 01:24:46', '2024-08-23 01:24:46'),
(336, 21, 'Kabupaten Tabalong', '2024-08-23 01:24:46', '2024-08-23 01:24:46'),
(337, 21, 'Kabupaten Tanah Bumbu', '2024-08-23 01:24:46', '2024-08-23 01:24:46'),
(338, 21, 'Kabupaten Tanah Laut', '2024-08-23 01:24:46', '2024-08-23 01:24:46'),
(339, 21, 'Kabupaten Tapin', '2024-08-23 01:24:46', '2024-08-23 01:24:46'),
(340, 21, 'Kota Banjarbaru', '2024-08-23 01:24:46', '2024-08-23 01:24:46'),
(341, 21, 'Kota Banjarmasin', '2024-08-23 01:24:46', '2024-08-23 01:24:46'),
(342, 22, 'Kabupaten Barito Selatan', '2024-08-23 01:24:46', '2024-08-23 01:24:46'),
(343, 22, 'Kabupaten Barito Timur', '2024-08-23 01:24:46', '2024-08-23 01:24:46'),
(344, 22, 'Kabupaten Barito Utara', '2024-08-23 01:24:46', '2024-08-23 01:24:46'),
(345, 22, 'Kabupaten Gunung Mas', '2024-08-23 01:24:46', '2024-08-23 01:24:46'),
(346, 22, 'Kabupaten Kapuas', '2024-08-23 01:24:46', '2024-08-23 01:24:46'),
(347, 22, 'Kabupaten Katingan', '2024-08-23 01:24:46', '2024-08-23 01:24:46'),
(348, 22, 'Kabupaten Kotawaringin Barat', '2024-08-23 01:24:46', '2024-08-23 01:24:46'),
(349, 22, 'Kabupaten Kotawaringin Timur', '2024-08-23 01:24:46', '2024-08-23 01:24:46'),
(350, 22, 'Kabupaten Lamandau', '2024-08-23 01:24:46', '2024-08-23 01:24:46'),
(351, 22, 'Kabupaten Murung Raya', '2024-08-23 01:24:46', '2024-08-23 01:24:46'),
(352, 22, 'Kabupaten Pulang Pisau', '2024-08-23 01:24:46', '2024-08-23 01:24:46'),
(353, 22, 'Kabupaten Sukamara', '2024-08-23 01:24:46', '2024-08-23 01:24:46'),
(354, 22, 'Kabupaten Seruyan', '2024-08-23 01:24:46', '2024-08-23 01:24:46'),
(355, 22, 'Kota Palangka Raya', '2024-08-23 01:24:46', '2024-08-23 01:24:46'),
(356, 23, 'Kabupaten Berau', '2024-08-23 01:24:46', '2024-08-23 01:24:46'),
(357, 23, 'Kabupaten Kutai Barat', '2024-08-23 01:24:46', '2024-08-23 01:24:46'),
(358, 23, 'Kabupaten Kutai Kartanegara', '2024-08-23 01:24:46', '2024-08-23 01:24:46'),
(359, 23, 'Kabupaten Kutai Timur', '2024-08-23 01:24:46', '2024-08-23 01:24:46'),
(360, 23, 'Kabupaten Mahakam Ulu', '2024-08-23 01:24:46', '2024-08-23 01:24:46'),
(361, 23, 'Kabupaten Paser', '2024-08-23 01:24:46', '2024-08-23 01:24:46'),
(362, 23, 'Kabupaten Penajam Paser Utara', '2024-08-23 01:24:46', '2024-08-23 01:24:46'),
(363, 23, 'Kota Balikpapan', '2024-08-23 01:24:46', '2024-08-23 01:24:46'),
(364, 23, 'Kota Bontang', '2024-08-23 01:24:46', '2024-08-23 01:24:46'),
(365, 23, 'Kota Samarinda', '2024-08-23 01:24:46', '2024-08-23 01:24:46'),
(366, 24, 'Kabupaten Bulungan', '2024-08-23 01:24:46', '2024-08-23 01:24:46'),
(367, 24, 'Kabupaten Malinau', '2024-08-23 01:24:46', '2024-08-23 01:24:46'),
(368, 24, 'Kabupaten Nunukan', '2024-08-23 01:24:46', '2024-08-23 01:24:46'),
(369, 24, 'Kabupaten Tana Tidung', '2024-08-23 01:24:46', '2024-08-23 01:24:46'),
(370, 24, 'Kota Tarakan', '2024-08-23 01:24:46', '2024-08-23 01:24:46'),
(371, 25, 'Kabupaten Boalemo', '2024-08-23 01:24:46', '2024-08-23 01:24:46'),
(372, 25, 'Kabupaten Bone Bolango', '2024-08-23 01:24:46', '2024-08-23 01:24:46'),
(373, 25, 'Kabupaten Gorontalo', '2024-08-23 01:24:46', '2024-08-23 01:24:46'),
(374, 25, 'Kabupaten Gorontalo Utara', '2024-08-23 01:24:46', '2024-08-23 01:24:46'),
(375, 25, 'Kabupaten Pohuwato', '2024-08-23 01:24:46', '2024-08-23 01:24:46'),
(376, 25, 'Kota Gorontalo', '2024-08-23 01:24:46', '2024-08-23 01:24:46'),
(377, 26, 'Kabupaten Bantaeng', '2024-08-23 01:24:46', '2024-08-23 01:24:46'),
(378, 26, 'Kabupaten Barru', '2024-08-23 01:24:46', '2024-08-23 01:24:46'),
(379, 26, 'Kabupaten Bone', '2024-08-23 01:24:46', '2024-08-23 01:24:46'),
(380, 26, 'Kabupaten Bulukumba', '2024-08-23 01:24:46', '2024-08-23 01:24:46'),
(381, 26, 'Kabupaten Enrekang', '2024-08-23 01:24:46', '2024-08-23 01:24:46'),
(382, 26, 'Kabupaten Gowa', '2024-08-23 01:24:46', '2024-08-23 01:24:46'),
(383, 26, 'Kabupaten Jeneponto', '2024-08-23 01:24:46', '2024-08-23 01:24:46'),
(384, 26, 'Kabupaten Kepulauan Selayar', '2024-08-23 01:24:46', '2024-08-23 01:24:46'),
(385, 26, 'Kabupaten Luwu', '2024-08-23 01:24:46', '2024-08-23 01:24:46'),
(386, 26, 'Kabupaten Luwu Timur', '2024-08-23 01:24:46', '2024-08-23 01:24:46'),
(387, 26, 'Kabupaten Luwu Utara', '2024-08-23 01:24:46', '2024-08-23 01:24:46'),
(388, 26, 'Kabupaten Maros', '2024-08-23 01:24:46', '2024-08-23 01:24:46'),
(389, 26, 'Kabupaten Pangkajene dan Kepulauan', '2024-08-23 01:24:46', '2024-08-23 01:24:46'),
(390, 26, 'Kabupaten Pinrang', '2024-08-23 01:24:46', '2024-08-23 01:24:46'),
(391, 26, 'Kabupaten Sidenreng Rappang', '2024-08-23 01:24:46', '2024-08-23 01:24:46'),
(392, 26, 'Kabupaten Sinjai', '2024-08-23 01:24:46', '2024-08-23 01:24:46'),
(393, 26, 'Kabupaten Soppeng', '2024-08-23 01:24:46', '2024-08-23 01:24:46'),
(394, 26, 'Kabupaten Takalar', '2024-08-23 01:24:46', '2024-08-23 01:24:46'),
(395, 26, 'Kabupaten Tana Toraja', '2024-08-23 01:24:46', '2024-08-23 01:24:46'),
(396, 26, 'Kabupaten Toraja Utara', '2024-08-23 01:24:46', '2024-08-23 01:24:46'),
(397, 26, 'Kabupaten Wajo', '2024-08-23 01:24:46', '2024-08-23 01:24:46'),
(398, 26, 'Kota Makassar', '2024-08-23 01:24:46', '2024-08-23 01:24:46'),
(399, 26, 'Kota Palopo', '2024-08-23 01:24:46', '2024-08-23 01:24:46'),
(400, 26, 'Kota Parepare', '2024-08-23 01:24:46', '2024-08-23 01:24:46'),
(401, 27, 'Kabupaten Bombana', '2024-08-23 01:24:46', '2024-08-23 01:24:46'),
(402, 27, 'Kabupaten Buton', '2024-08-23 01:24:46', '2024-08-23 01:24:46'),
(403, 27, 'Kabupaten Buton Selatan', '2024-08-23 01:24:46', '2024-08-23 01:24:46'),
(404, 27, 'Kabupaten Buton Tengah', '2024-08-23 01:24:46', '2024-08-23 01:24:46'),
(405, 27, 'Kabupaten Buton Utara', '2024-08-23 01:24:46', '2024-08-23 01:24:46'),
(406, 27, 'Kabupaten Kolaka', '2024-08-23 01:24:46', '2024-08-23 01:24:46'),
(407, 27, 'Kabupaten Kolaka Timur', '2024-08-23 01:24:46', '2024-08-23 01:24:46'),
(408, 27, 'Kabupaten Kolaka Utara', '2024-08-23 01:24:46', '2024-08-23 01:24:46'),
(409, 27, 'Kabupaten Konawe', '2024-08-23 01:24:46', '2024-08-23 01:24:46'),
(410, 27, 'Kabupaten Konawe Kepulauan', '2024-08-23 01:24:46', '2024-08-23 01:24:46'),
(411, 27, 'Kabupaten Konawe Selatan', '2024-08-23 01:24:46', '2024-08-23 01:24:46'),
(412, 27, 'Kabupaten Konawe Utara', '2024-08-23 01:24:46', '2024-08-23 01:24:46'),
(413, 27, 'Kabupaten Muna', '2024-08-23 01:24:46', '2024-08-23 01:24:46'),
(414, 27, 'Kabupaten Muna Barat', '2024-08-23 01:24:46', '2024-08-23 01:24:46'),
(415, 27, 'Kabupaten Wakatobi', '2024-08-23 01:24:46', '2024-08-23 01:24:46'),
(416, 27, 'Kota Bau-Bau', '2024-08-23 01:24:46', '2024-08-23 01:24:46'),
(417, 27, 'Kota Kendari', '2024-08-23 01:24:46', '2024-08-23 01:24:46'),
(418, 28, 'Kabupaten Banggai', '2024-08-23 01:24:46', '2024-08-23 01:24:46'),
(419, 28, 'Kabupaten Banggai Kepulauan', '2024-08-23 01:24:46', '2024-08-23 01:24:46'),
(420, 28, 'Kabupaten Banggai Laut', '2024-08-23 01:24:46', '2024-08-23 01:24:46'),
(421, 28, 'Kabupaten Buol', '2024-08-23 01:24:46', '2024-08-23 01:24:46'),
(422, 28, 'Kabupaten Donggala', '2024-08-23 01:24:46', '2024-08-23 01:24:46'),
(423, 28, 'Kabupaten Morowali', '2024-08-23 01:24:46', '2024-08-23 01:24:46'),
(424, 28, 'Kabupaten Morowali Utara', '2024-08-23 01:24:46', '2024-08-23 01:24:46'),
(425, 28, 'Kabupaten Parigi Moutong', '2024-08-23 01:24:46', '2024-08-23 01:24:46'),
(426, 28, 'Kabupaten Poso', '2024-08-23 01:24:46', '2024-08-23 01:24:46'),
(427, 28, 'Kabupaten Sigi', '2024-08-23 01:24:46', '2024-08-23 01:24:46'),
(428, 28, 'Kabupaten Tojo Una-Una', '2024-08-23 01:24:46', '2024-08-23 01:24:46'),
(429, 28, 'Kabupaten Toli-Toli', '2024-08-23 01:24:46', '2024-08-23 01:24:46'),
(430, 28, 'Kota Palu', '2024-08-23 01:24:46', '2024-08-23 01:24:46'),
(431, 29, 'Kabupaten Bolaang Mongondow', '2024-08-23 01:24:46', '2024-08-23 01:24:46'),
(432, 29, 'Kabupaten Bolaang Mongondow Selatan', '2024-08-23 01:24:46', '2024-08-23 01:24:46'),
(433, 29, 'Kabupaten Bolaang Mongondow Timur', '2024-08-23 01:24:46', '2024-08-23 01:24:46'),
(434, 29, 'Kabupaten Bolaang Mongondow Utara', '2024-08-23 01:24:46', '2024-08-23 01:24:46'),
(435, 29, 'Kabupaten Kepulauan Sangihe', '2024-08-23 01:24:46', '2024-08-23 01:24:46'),
(436, 29, 'Kabupaten Kepulauan Siau Tagulandang Biaro', '2024-08-23 01:24:46', '2024-08-23 01:24:46'),
(437, 29, 'Kabupaten Kepulauan Talaud', '2024-08-23 01:24:46', '2024-08-23 01:24:46'),
(438, 29, 'Kabupaten Minahasa', '2024-08-23 01:24:46', '2024-08-23 01:24:46'),
(439, 29, 'Kabupaten Minahasa Selatan', '2024-08-23 01:24:46', '2024-08-23 01:24:46'),
(440, 29, 'Kabupaten Minahasa Tenggara', '2024-08-23 01:24:46', '2024-08-23 01:24:46'),
(441, 29, 'Kabupaten Minahasa Utara', '2024-08-23 01:24:46', '2024-08-23 01:24:46'),
(442, 29, 'Kota Bitung', '2024-08-23 01:24:46', '2024-08-23 01:24:46'),
(443, 29, 'Kota Kotamobagu', '2024-08-23 01:24:46', '2024-08-23 01:24:46'),
(444, 29, 'Kota Manado', '2024-08-23 01:24:46', '2024-08-23 01:24:46'),
(445, 29, 'Kota Tomohon', '2024-08-23 01:24:46', '2024-08-23 01:24:46'),
(446, 30, 'Kabupaten Majene', '2024-08-23 01:24:46', '2024-08-23 01:24:46'),
(447, 30, 'Kabupaten Mamasa', '2024-08-23 01:24:46', '2024-08-23 01:24:46'),
(448, 30, 'Kabupaten Mamuju', '2024-08-23 01:24:46', '2024-08-23 01:24:46'),
(449, 30, 'Kabupaten Mamuju Tengah', '2024-08-23 01:24:46', '2024-08-23 01:24:46'),
(450, 30, 'Kabupaten Mamuju Utara', '2024-08-23 01:24:46', '2024-08-23 01:24:46'),
(451, 30, 'Kabupaten Polewali Mandar', '2024-08-23 01:24:46', '2024-08-23 01:24:46'),
(452, 30, 'Kota Mamuju', '2024-08-23 01:24:46', '2024-08-23 01:24:46'),
(453, 31, 'Kabupaten Buru', '2024-08-23 01:24:46', '2024-08-23 01:24:46'),
(454, 31, 'Kabupaten Buru Selatan', '2024-08-23 01:24:46', '2024-08-23 01:24:46'),
(455, 31, 'Kabupaten Kepulauan Aru', '2024-08-23 01:24:46', '2024-08-23 01:24:46'),
(456, 31, 'Kabupaten Maluku Barat Daya', '2024-08-23 01:24:46', '2024-08-23 01:24:46'),
(457, 31, 'Kabupaten Maluku Tengah', '2024-08-23 01:24:46', '2024-08-23 01:24:46'),
(458, 31, 'Kabupaten Maluku Tenggara', '2024-08-23 01:24:46', '2024-08-23 01:24:46'),
(459, 31, 'Kabupaten Maluku Tenggara Barat', '2024-08-23 01:24:46', '2024-08-23 01:24:46'),
(460, 31, 'Kabupaten Seram Bagian Barat', '2024-08-23 01:24:46', '2024-08-23 01:24:46'),
(461, 31, 'Kabupaten Seram Bagian Timur', '2024-08-23 01:24:46', '2024-08-23 01:24:46'),
(462, 31, 'Kota Ambon', '2024-08-23 01:24:46', '2024-08-23 01:24:46'),
(463, 31, 'Kota Tual', '2024-08-23 01:24:46', '2024-08-23 01:24:46'),
(464, 32, 'Kabupaten Halmahera Barat', '2024-08-23 01:24:46', '2024-08-23 01:24:46'),
(465, 32, 'Kabupaten Halmahera Tengah', '2024-08-23 01:24:46', '2024-08-23 01:24:46'),
(466, 32, 'Kabupaten Halmahera Utara', '2024-08-23 01:24:46', '2024-08-23 01:24:46'),
(467, 32, 'Kabupaten Halmahera Selatan', '2024-08-23 01:24:46', '2024-08-23 01:24:46'),
(468, 32, 'Kabupaten Kepulauan Sula', '2024-08-23 01:24:46', '2024-08-23 01:24:46'),
(469, 32, 'Kabupaten Halmahera Timur', '2024-08-23 01:24:46', '2024-08-23 01:24:46'),
(470, 32, 'Kabupaten Pulau Morotai', '2024-08-23 01:24:46', '2024-08-23 01:24:46'),
(471, 32, 'Kabupaten Pulau Taliabu', '2024-08-23 01:24:46', '2024-08-23 01:24:46'),
(472, 32, 'Kota Ternate', '2024-08-23 01:24:46', '2024-08-23 01:24:46'),
(473, 32, 'Kota Tidore Kepulauan', '2024-08-23 01:24:46', '2024-08-23 01:24:46'),
(474, 33, 'Kabupaten Asmat', '2024-08-23 01:24:46', '2024-08-23 01:24:46'),
(475, 33, 'Kabupaten Biak Numfor', '2024-08-23 01:24:46', '2024-08-23 01:24:46'),
(476, 33, 'Kabupaten Boven Digoel', '2024-08-23 01:24:46', '2024-08-23 01:24:46'),
(477, 33, 'Kabupaten Deiyai', '2024-08-23 01:24:46', '2024-08-23 01:24:46'),
(478, 33, 'Kabupaten Dogiyai', '2024-08-23 01:24:46', '2024-08-23 01:24:46'),
(479, 33, 'Kabupaten Intan Jaya', '2024-08-23 01:24:46', '2024-08-23 01:24:46'),
(480, 33, 'Kabupaten Jayapura', '2024-08-23 01:24:46', '2024-08-23 01:24:46'),
(481, 33, 'Kabupaten Jayawijaya', '2024-08-23 01:24:46', '2024-08-23 01:24:46'),
(482, 33, 'Kabupaten Keerom', '2024-08-23 01:24:46', '2024-08-23 01:24:46'),
(483, 33, 'Kabupaten Kepulauan Yapen', '2024-08-23 01:24:46', '2024-08-23 01:24:46'),
(484, 33, 'Kabupaten Lanny Jaya', '2024-08-23 01:24:46', '2024-08-23 01:24:46'),
(485, 33, 'Kabupaten Mamberamo Raya', '2024-08-23 01:24:46', '2024-08-23 01:24:46'),
(486, 33, 'Kabupaten Mamberamo Tengah', '2024-08-23 01:24:46', '2024-08-23 01:24:46'),
(487, 33, 'Kabupaten Mappi', '2024-08-23 01:24:46', '2024-08-23 01:24:46'),
(488, 33, 'Kabupaten Merauke', '2024-08-23 01:24:46', '2024-08-23 01:24:46'),
(489, 33, 'Kabupaten Mimika', '2024-08-23 01:24:46', '2024-08-23 01:24:46'),
(490, 33, 'Kabupaten Nabire', '2024-08-23 01:24:46', '2024-08-23 01:24:46'),
(491, 33, 'Kabupaten Nduga', '2024-08-23 01:24:46', '2024-08-23 01:24:46'),
(492, 33, 'Kabupaten Paniai', '2024-08-23 01:24:46', '2024-08-23 01:24:46'),
(493, 33, 'Kabupaten Pegunungan Bintang', '2024-08-23 01:24:46', '2024-08-23 01:24:46'),
(494, 33, 'Kabupaten Puncak', '2024-08-23 01:24:46', '2024-08-23 01:24:46'),
(495, 33, 'Kabupaten Puncak Jaya', '2024-08-23 01:24:46', '2024-08-23 01:24:46'),
(496, 33, 'Kabupaten Sarmi', '2024-08-23 01:24:46', '2024-08-23 01:24:46'),
(497, 33, 'Kabupaten Supiori', '2024-08-23 01:24:46', '2024-08-23 01:24:46'),
(498, 33, 'Kabupaten Tolikara', '2024-08-23 01:24:46', '2024-08-23 01:24:46'),
(499, 33, 'Kabupaten Waropen', '2024-08-23 01:24:46', '2024-08-23 01:24:46'),
(500, 33, 'Kabupaten Yahukimo', '2024-08-23 01:24:46', '2024-08-23 01:24:46'),
(501, 33, 'Kabupaten Yalimo', '2024-08-23 01:24:46', '2024-08-23 01:24:46'),
(502, 33, 'Kota Jayapura', '2024-08-23 01:24:46', '2024-08-23 01:24:46'),
(503, 34, 'Kabupaten Fakfak', '2024-08-23 01:24:46', '2024-08-23 01:24:46'),
(504, 34, 'Kabupaten Kaimana', '2024-08-23 01:24:46', '2024-08-23 01:24:46'),
(505, 34, 'Kabupaten Manokwari', '2024-08-23 01:24:46', '2024-08-23 01:24:46'),
(506, 34, 'Kabupaten Manokwari Selatan', '2024-08-23 01:24:46', '2024-08-23 01:24:46'),
(507, 34, 'Kabupaten Maybrat', '2024-08-23 01:24:46', '2024-08-23 01:24:46'),
(508, 34, 'Kabupaten Pegunungan Arfak', '2024-08-23 01:24:46', '2024-08-23 01:24:46'),
(509, 34, 'Kabupaten Raja Ampat', '2024-08-23 01:24:46', '2024-08-23 01:24:46'),
(510, 34, 'Kabupaten Sorong', '2024-08-23 01:24:46', '2024-08-23 01:24:46'),
(511, 34, 'Kabupaten Sorong Selatan', '2024-08-23 01:24:46', '2024-08-23 01:24:46'),
(512, 34, 'Kabupaten Tambrauw', '2024-08-23 01:24:46', '2024-08-23 01:24:46'),
(513, 34, 'Kabupaten Teluk Bintuni', '2024-08-23 01:24:46', '2024-08-23 01:24:46'),
(514, 34, 'Kabupaten Teluk Wondama', '2024-08-23 01:24:46', '2024-08-23 01:24:46');

-- --------------------------------------------------------

--
-- Table structure for table `migrations`
--

CREATE TABLE `migrations` (
  `id` int(10) UNSIGNED NOT NULL,
  `migration` varchar(255) NOT NULL,
  `batch` int(11) NOT NULL
) ENGINE=InnoDB DEFAULT CHARSET=utf8mb4 COLLATE=utf8mb4_unicode_ci;

--
-- Dumping data for table `migrations`
--

INSERT INTO `migrations` (`id`, `migration`, `batch`) VALUES
(1, '2014_10_12_000000_create_users_table', 1),
(2, '2019_12_14_000001_create_personal_access_tokens_table', 1),
(3, '2023_08_24_082049_formulir', 1),
(4, '2023_08_24_082841_admin_account', 1),
(5, '2023_08_25_063943_provinsi', 1),
(6, '2023_08_25_065431_kabupaten', 1),
(7, '2023_08_25_074629_agama', 1);

-- --------------------------------------------------------

--
-- Table structure for table `personal_access_tokens`
--

CREATE TABLE `personal_access_tokens` (
  `id` bigint(20) UNSIGNED NOT NULL,
  `tokenable_type` varchar(255) NOT NULL,
  `tokenable_id` bigint(20) UNSIGNED NOT NULL,
  `name` varchar(255) NOT NULL,
  `token` varchar(64) NOT NULL,
  `abilities` text DEFAULT NULL,
  `last_used_at` timestamp NULL DEFAULT NULL,
  `created_at` timestamp NULL DEFAULT NULL,
  `updated_at` timestamp NULL DEFAULT NULL
) ENGINE=InnoDB DEFAULT CHARSET=utf8mb4 COLLATE=utf8mb4_unicode_ci;

-- --------------------------------------------------------

--
-- Table structure for table `provinsi`
--

CREATE TABLE `provinsi` (
  `id` bigint(20) UNSIGNED NOT NULL,
  `nama` varchar(255) NOT NULL,
  `created_at` timestamp NULL DEFAULT NULL,
  `updated_at` timestamp NULL DEFAULT NULL
) ENGINE=InnoDB DEFAULT CHARSET=utf8mb4 COLLATE=utf8mb4_unicode_ci;

--
-- Dumping data for table `provinsi`
--

INSERT INTO `provinsi` (`id`, `nama`, `created_at`, `updated_at`) VALUES
(1, 'Nangroe Aceh Darussalam', '2024-08-23 01:24:44', '2024-08-23 01:24:44'),
(2, 'Sumatera Utara', '2024-08-23 01:24:44', '2024-08-23 01:24:44'),
(3, 'Sumatera Barat', '2024-08-23 01:24:44', '2024-08-23 01:24:44'),
(4, 'Sumatera Selatan', '2024-08-23 01:24:44', '2024-08-23 01:24:44'),
(5, 'Riau', '2024-08-23 01:24:44', '2024-08-23 01:24:44'),
(6, 'Kepulauan Riau', '2024-08-23 01:24:44', '2024-08-23 01:24:44'),
(7, 'Jambi', '2024-08-23 01:24:44', '2024-08-23 01:24:44'),
(8, 'Bengkulu', '2024-08-23 01:24:44', '2024-08-23 01:24:44'),
(9, 'Bangka Belitung', '2024-08-23 01:24:44', '2024-08-23 01:24:44'),
(10, 'Lampung', '2024-08-23 01:24:44', '2024-08-23 01:24:44'),
(11, 'Banten', '2024-08-23 01:24:44', '2024-08-23 01:24:44'),
(12, 'Jawa Barat', '2024-08-23 01:24:44', '2024-08-23 01:24:44'),
(13, 'Jawa Tengah', '2024-08-23 01:24:44', '2024-08-23 01:24:44'),
(14, 'Jawa Timur', '2024-08-23 01:24:44', '2024-08-23 01:24:44'),
(15, 'DKI Jakarta', '2024-08-23 01:24:44', '2024-08-23 01:24:44'),
(16, 'D.I Yogyakarta', '2024-08-23 01:24:44', '2024-08-23 01:24:44'),
(17, 'Bali', '2024-08-23 01:24:44', '2024-08-23 01:24:44'),
(18, 'Nusa Tenggara Barat', '2024-08-23 01:24:44', '2024-08-23 01:24:44'),
(19, 'Nusa Tenggara Timur', '2024-08-23 01:24:44', '2024-08-23 01:24:44'),
(20, 'Kalimantan Barat', '2024-08-23 01:24:44', '2024-08-23 01:24:44'),
(21, 'Kalimantan Selatan', '2024-08-23 01:24:44', '2024-08-23 01:24:44'),
(22, 'Kalimantan Tengah', '2024-08-23 01:24:44', '2024-08-23 01:24:44'),
(23, 'Kalimantan Timur', '2024-08-23 01:24:44', '2024-08-23 01:24:44'),
(24, 'Kalimantan Utara', '2024-08-23 01:24:44', '2024-08-23 01:24:44'),
(25, 'Gorontalo', '2024-08-23 01:24:44', '2024-08-23 01:24:44'),
(26, 'Sulawesi Selatan', '2024-08-23 01:24:44', '2024-08-23 01:24:44'),
(27, 'Sulawesi Tenggara', '2024-08-23 01:24:44', '2024-08-23 01:24:44'),
(28, 'Sulawesi Tengah', '2024-08-23 01:24:44', '2024-08-23 01:24:44'),
(29, 'Sulawesi Utara', '2024-08-23 01:24:44', '2024-08-23 01:24:44'),
(30, 'Sulawesi Barat', '2024-08-23 01:24:44', '2024-08-23 01:24:44'),
(31, 'Maluku', '2024-08-23 01:24:44', '2024-08-23 01:24:44'),
(32, 'Maluku Utara', '2024-08-23 01:24:44', '2024-08-23 01:24:44'),
(33, 'Papua', '2024-08-23 01:24:44', '2024-08-23 01:24:44'),
(34, 'Papua Barat', '2024-08-23 01:24:44', '2024-08-23 01:24:44');

-- --------------------------------------------------------

--
-- Table structure for table `users`
--

CREATE TABLE `users` (
  `id` bigint(20) UNSIGNED NOT NULL,
  `name` varchar(255) NOT NULL,
  `email` varchar(255) NOT NULL,
  `email_verified_at` timestamp NULL DEFAULT NULL,
  `password` varchar(255) NOT NULL,
  `id_role` bigint(20) NOT NULL,
  `remember_token` varchar(100) DEFAULT NULL,
  `created_at` timestamp NULL DEFAULT NULL,
  `updated_at` timestamp NULL DEFAULT NULL
) ENGINE=InnoDB DEFAULT CHARSET=utf8mb4 COLLATE=utf8mb4_unicode_ci;

--
-- Dumping data for table `users`
--

INSERT INTO `users` (`id`, `name`, `email`, `email_verified_at`, `password`, `id_role`, `remember_token`, `created_at`, `updated_at`) VALUES
(1, 'admin', 'admin@gmail.com', NULL, '$2y$10$0LcqU2yQRo6XlouYRGZTh.qSQS7FL.muHW6qDC5nTJmXNTjz0yuee', 2, NULL, '2024-08-23 01:24:47', '2024-08-23 01:24:47');

--
-- Indexes for dumped tables
--

--
-- Indexes for table `admin_account`
--
ALTER TABLE `admin_account`
  ADD PRIMARY KEY (`id`);

--
-- Indexes for table `agama`
--
ALTER TABLE `agama`
  ADD PRIMARY KEY (`id`);

--
-- Indexes for table `formulir`
--
ALTER TABLE `formulir`
  ADD PRIMARY KEY (`id`),
  ADD KEY `formulir_id_users_foreign` (`id_users`);

--
-- Indexes for table `kabupaten`
--
ALTER TABLE `kabupaten`
  ADD PRIMARY KEY (`id`),
  ADD KEY `kabupaten_id_provinsi_foreign` (`id_provinsi`);

--
-- Indexes for table `migrations`
--
ALTER TABLE `migrations`
  ADD PRIMARY KEY (`id`);

--
-- Indexes for table `personal_access_tokens`
--
ALTER TABLE `personal_access_tokens`
  ADD PRIMARY KEY (`id`),
  ADD UNIQUE KEY `personal_access_tokens_token_unique` (`token`),
  ADD KEY `personal_access_tokens_tokenable_type_tokenable_id_index` (`tokenable_type`,`tokenable_id`);

--
-- Indexes for table `provinsi`
--
ALTER TABLE `provinsi`
  ADD PRIMARY KEY (`id`);

--
-- Indexes for table `users`
--
ALTER TABLE `users`
  ADD PRIMARY KEY (`id`),
  ADD UNIQUE KEY `users_email_unique` (`email`);

--
-- AUTO_INCREMENT for dumped tables
--

--
-- AUTO_INCREMENT for table `admin_account`
--
ALTER TABLE `admin_account`
  MODIFY `id` bigint(20) UNSIGNED NOT NULL AUTO_INCREMENT;

--
-- AUTO_INCREMENT for table `agama`
--
ALTER TABLE `agama`
  MODIFY `id` bigint(20) UNSIGNED NOT NULL AUTO_INCREMENT, AUTO_INCREMENT=7;

--
-- AUTO_INCREMENT for table `formulir`
--
ALTER TABLE `formulir`
  MODIFY `id` bigint(20) UNSIGNED NOT NULL AUTO_INCREMENT;

--
-- AUTO_INCREMENT for table `kabupaten`
--
ALTER TABLE `kabupaten`
  MODIFY `id` bigint(20) UNSIGNED NOT NULL AUTO_INCREMENT, AUTO_INCREMENT=515;

--
-- AUTO_INCREMENT for table `migrations`
--
ALTER TABLE `migrations`
  MODIFY `id` int(10) UNSIGNED NOT NULL AUTO_INCREMENT, AUTO_INCREMENT=8;

--
-- AUTO_INCREMENT for table `personal_access_tokens`
--
ALTER TABLE `personal_access_tokens`
  MODIFY `id` bigint(20) UNSIGNED NOT NULL AUTO_INCREMENT;

--
-- AUTO_INCREMENT for table `provinsi`
--
ALTER TABLE `provinsi`
  MODIFY `id` bigint(20) UNSIGNED NOT NULL AUTO_INCREMENT, AUTO_INCREMENT=35;

--
-- AUTO_INCREMENT for table `users`
--
ALTER TABLE `users`
  MODIFY `id` bigint(20) UNSIGNED NOT NULL AUTO_INCREMENT, AUTO_INCREMENT=2;

--
-- Constraints for dumped tables
--

--
-- Constraints for table `formulir`
--
ALTER TABLE `formulir`
  ADD CONSTRAINT `formulir_id_users_foreign` FOREIGN KEY (`id_users`) REFERENCES `users` (`id`) ON DELETE CASCADE;

--
-- Constraints for table `kabupaten`
--
ALTER TABLE `kabupaten`
  ADD CONSTRAINT `kabupaten_id_provinsi_foreign` FOREIGN KEY (`id_provinsi`) REFERENCES `provinsi` (`id`);
COMMIT;

/*!40101 SET CHARACTER_SET_CLIENT=@OLD_CHARACTER_SET_CLIENT */;
/*!40101 SET CHARACTER_SET_RESULTS=@OLD_CHARACTER_SET_RESULTS */;
/*!40101 SET COLLATION_CONNECTION=@OLD_COLLATION_CONNECTION */;
